Date,Price
2024-09-30,59959.16839422145
2024-10-01,60138.23346468848
2024-10-02,60432.19079009209
2024-10-03,60581.8090200986
2024-10-04,60407.54751914382
2024-10-05,60313.18970299934
2024-10-06,60306.926901928804
2024-10-07,60208.39025576914
2024-10-08,60114.946082816656
2024-10-09,60320.249314194916
2024-10-10,60323.14867388447
2024-10-11,60127.79277824999
2024-10-12,59914.355023610944
2024-10-13,59716.77171786383
2024-10-14,59549.87418075331
2024-10-15,59355.3206707605
2024-10-16,60070.672535872705
2024-10-17,59635.68109302446
2024-10-18,59864.47664635188
2024-10-19,60275.12931970687
2024-10-20,60356.74930035299
2024-10-21,60403.85107197617
2024-10-22,60674.14620758447
2024-10-23,60451.25410947071
2024-10-24,60438.34690405401
2024-10-25,60208.430493477004
2024-10-26,60062.655199192086
2024-10-27,60332.190426108515
2024-10-28,60196.14699254973
2024-10-29,60075.61164807707
2024-10-30,60088.57097711292
2024-10-31,60014.30830024538
2024-11-01,59767.239199610325
2024-11-02,59510.20242580014
2024-11-03,59588.16812657833
2024-11-04,59456.481460705625
2024-11-05,59151.76952550879
2024-11-06,59085.83740627525
2024-11-07,58868.388022352476
2024-11-08,58526.01534071639
2024-11-09,59023.58610273894
2024-11-10,59112.96450890272
2024-11-11,59138.87150299672
2024-11-12,59261.041716079875
2024-11-13,59245.53488906101
2024-11-14,58944.7346153156
2024-11-15,58750.21573182746
2024-11-16,58629.832197467105
2024-11-17,58005.49948154011
2024-11-18,58249.63231493928
2024-11-19,58309.7270631388
2024-11-20,58263.007064110985
2024-11-21,58465.71108210141
2024-11-22,58385.54527489853
2024-11-23,58456.00804340256
2024-11-24,58677.03464508845
2024-11-25,58544.12252634976
2024-11-26,58650.188971366726
2024-11-27,58809.96201616446
2024-11-28,58526.63931771476
2024-11-29,58601.382188539974
2024-11-30,58560.16074243917
2024-12-01,58302.13665348387
2024-12-02,58295.76121572588
2024-12-03,58231.426975504466
2024-12-04,57914.911374413554
2024-12-05,58087.43182431846
2024-12-06,58054.64086832001
2024-12-07,57702.990099202536
2024-12-08,57619.33365581591
2024-12-09,57504.1288413301
2024-12-10,57229.770114128005
2024-12-11,57265.20220385456
2024-12-12,57178.00927994394
2024-12-13,56971.39821459415
2024-12-14,56902.96195326616
2024-12-15,56856.538045699075
2024-12-16,56974.31342703188
2024-12-17,56990.46285620029
2024-12-18,57163.784591216536
2024-12-19,57134.363959667266
2024-12-20,56974.3725918609
2024-12-21,57013.60216503091
2024-12-22,57446.84068959121
2024-12-23,57419.49521981576
2024-12-24,57279.32513130726
2024-12-25,57108.89980743108
2024-12-26,56797.15572153709
2024-12-27,56666.35108169019
2024-12-28,56633.868701849984
2024-12-29,56920.82960203707
2024-12-30,56526.813444297055
2024-12-31,56088.98147623732
2025-01-01,55762.916859270095
2025-01-02,55601.940061437286
2025-01-03,55316.905144861026
2025-01-04,55236.06285890928
2025-01-05,55819.495218565484
2025-01-06,55801.90960465256
2025-01-07,56038.44546649049
2025-01-08,55826.51485915281
2025-01-09,55761.67117216086
2025-01-10,55650.503713447586
2025-01-11,55706.155780592
2025-01-12,55780.28061494475
2025-01-13,55541.30713549939
2025-01-14,55480.21861819222
2025-01-15,55667.14366795764
2025-01-16,55845.9830700338
2025-01-17,55774.40426839798
2025-01-18,55370.13388982704
2025-01-19,55305.21244570612
2025-01-20,55227.61680712315
2025-01-21,55203.15429258602
2025-01-22,55480.595966697234
2025-01-23,55136.43840960514
2025-01-24,55107.5405046623
2025-01-25,55197.40179975243
2025-01-26,55068.12979115646
2025-01-27,55070.23142557793
2025-01-28,54872.83729287233
2025-01-29,54825.7358408989
2025-01-30,54894.69928213925
2025-01-31,54772.713274345224
2025-02-01,54882.80003675765
2025-02-02,54833.3287761612
2025-02-03,55112.96889440835
2025-02-04,54877.5618547227
2025-02-05,55044.13382995351
2025-02-06,54990.57713719868
2025-02-07,55210.33456777276
2025-02-08,54991.06328497768
2025-02-09,54761.0332524081
2025-02-10,54609.79739593915
2025-02-11,54831.352335636046
2025-02-12,54642.5886484265
2025-02-13,54876.35910120676
2025-02-14,54852.48677864067
2025-02-15,54891.28251119476
2025-02-16,55242.22772317901
2025-02-17,55021.26613333591
2025-02-18,55136.72055525167
2025-02-19,55072.851877911526
2025-02-20,54918.31360641399
2025-02-21,54956.57881625792
2025-02-22,54901.976308343146
2025-02-23,54972.94686019205
2025-02-24,54892.49828134335
2025-02-25,54900.66283082941
2025-02-26,54649.86114141895
2025-02-27,54426.58441781884
2025-02-28,54516.68421394058
2025-03-01,54302.13243953451
2025-03-02,54070.60231083732
2025-03-03,53934.74784322401
2025-03-04,54127.80637377788
2025-03-05,54016.485617951665
2025-03-06,53775.82019376464
2025-03-07,54066.82450875448
2025-03-08,53937.359389565514
2025-03-09,53745.85232710233
2025-03-10,53842.013058603465
2025-03-11,53974.605508721565
2025-03-12,53996.1474707618
2025-03-13,54013.689807627474
2025-03-14,54168.52339763263
2025-03-15,53916.139397470564
2025-03-16,53495.28676851385
2025-03-17,53310.593542746676
2025-03-18,53163.73195219555
2025-03-19,53312.64037260239
2025-03-20,53259.67676587168
2025-03-21,53270.23984912567
2025-03-22,53284.33100536236
2025-03-23,53530.20035414588
2025-03-24,53545.90575912164
2025-03-25,53660.41682355012
2025-03-26,53576.560967680445
2025-03-27,53601.101565519726
2025-03-28,53436.742131563005
2025-03-29,53673.21446165208
2025-03-30,53470.66514515308
2025-03-31,53685.3093240052
2025-04-01,53540.94124690518
2025-04-02,53588.32018767321
2025-04-03,53387.75572083699
2025-04-04,53320.47911856548
2025-04-05,53537.28364508516
2025-04-06,53652.64943567591
2025-04-07,53486.529444780645
2025-04-08,53352.91217082412
2025-04-09,53392.585064195206
2025-04-10,53146.07718020616
2025-04-11,53054.11657211226
2025-04-12,53217.03712357495
2025-04-13,53352.05192881984
2025-04-14,53364.69619723392
2025-04-15,53406.68965344092
2025-04-16,52867.33213283935
2025-04-17,52728.636790710785
2025-04-18,52786.50622672552
2025-04-19,52459.2704593037
2025-04-20,52287.026147856355
2025-04-21,52030.76747937995
2025-04-22,51861.125066130815
2025-04-23,51938.75878589537
2025-04-24,51708.58242920945
2025-04-25,51488.31848038106
2025-04-26,51907.387236275725
2025-04-27,51924.37092575208
2025-04-28,51992.83287874416
2025-04-29,51765.74956143429
2025-04-30,51800.25495457173
2025-05-01,51603.75443449508
2025-05-02,51690.54124251554
2025-05-03,51821.61961150901
2025-05-04,51739.98646637815
2025-05-05,51917.63894826594
2025-05-06,51436.84937484809
2025-05-07,51586.37076079824
2025-05-08,51682.501150850454
2025-05-09,51666.88739350031
2025-05-10,51654.902232228924
2025-05-11,51654.86713476633
2025-05-12,51717.84259961253
2025-05-13,51625.171662313594
2025-05-14,51457.588133960555
2025-05-15,51806.13918857806
2025-05-16,51729.50703363542
2025-05-17,51860.12267528891
2025-05-18,51813.39187649288
2025-05-19,51994.10056813312
2025-05-20,51956.23665247517
2025-05-21,51818.76205520209
2025-05-22,51807.22108717605
2025-05-23,51725.30867912345
2025-05-24,51574.91190680353
2025-05-25,51637.419438586556
2025-05-26,51775.17412178482
2025-05-27,51658.66530073277
2025-05-28,51569.82866007575
2025-05-29,51403.38679816115
2025-05-30,51272.33971711152
2025-05-31,51484.5196243478
2025-06-01,51651.545869768895
2025-06-02,51696.545220452295
2025-06-03,51731.97686918195
2025-06-04,51730.994822587825
2025-06-05,52151.32754915754
2025-06-06,52080.46890528861
2025-06-07,52095.04076668557
2025-06-08,52345.580177110474
2025-06-09,52387.82447327129
2025-06-10,52427.604101684876
2025-06-11,52429.52196445169
2025-06-12,52640.37455736465
2025-06-13,52493.02249046044
2025-06-14,52262.15006342078
2025-06-15,52228.64074408582
2025-06-16,52164.227019594626
2025-06-17,52085.36057918535
2025-06-18,52154.589752514774
2025-06-19,52528.17187230036
2025-06-20,52445.36131595992
2025-06-21,52219.14402622525
2025-06-22,52289.40652717675
2025-06-23,52003.156871504725
2025-06-24,52103.265367562046
2025-06-25,52359.184226523736
2025-06-26,52718.55485719028
2025-06-27,52370.06500642795
2025-06-28,52512.49455995584
2025-06-29,52588.69963015797
2025-06-30,52395.79939768792
2025-07-01,52436.99466074635
2025-07-02,52393.2845202307
2025-07-03,52534.396885588634
2025-07-04,52822.47972161426
2025-07-05,52999.200967088036
2025-07-06,52982.91810156937
2025-07-07,52890.3585973174
2025-07-08,52688.80086954079
2025-07-09,52617.47598956176
2025-07-10,52663.330615314924
2025-07-11,52723.05568991171
2025-07-12,52724.31699470786
2025-07-13,52733.11894651235
2025-07-14,52852.51906123928
2025-07-15,52992.94703368426
2025-07-16,52412.28705289166
2025-07-17,52015.65512432113
2025-07-18,52088.77920171885
2025-07-19,51972.47249929351
2025-07-20,51667.77955705421
2025-07-21,51606.761874683456
2025-07-22,51776.415353377
2025-07-23,51909.065107703434
2025-07-24,51789.83450516798
2025-07-25,51903.71927401238
2025-07-26,51812.587942993014
2025-07-27,51850.65704966853
2025-07-28,51839.99002430789
2025-07-29,51612.04425689835
2025-07-30,51814.5167889114
2025-07-31,51671.92674329018
2025-08-01,51933.1175229667
2025-08-02,51939.351435115146
2025-08-03,52227.09997625846
2025-08-04,52317.17120052457
2025-08-05,52258.14734600198
2025-08-06,52246.8175466277
2025-08-07,52173.44298013592
2025-08-08,52205.197628347814
2025-08-09,52195.77646921748
2025-08-10,51944.01246484096
2025-08-11,51992.38770763559
2025-08-12,51765.11164251687
2025-08-13,51858.53268869171
2025-08-14,51883.419865178745
2025-08-15,52102.74547322749
2025-08-16,52496.827193834775
2025-08-17,52237.68172481052
2025-08-18,52165.4886573714
2025-08-19,52086.65442202125
2025-08-20,51964.73043485636
2025-08-21,51789.21174816708
2025-08-22,52034.56193228466
2025-08-23,51714.33213220793
2025-08-24,51382.70387372627
2025-08-25,51349.50259944653
2025-08-26,51246.14070360392
2025-08-27,51190.0165880961
2025-08-28,51102.571454196324
2025-08-29,51117.120690804484
2025-08-30,51195.69139488401
2025-08-31,51462.22152939523
2025-09-01,51874.24527333123
2025-09-02,51856.44848191099
2025-09-03,51691.29629789277
2025-09-04,51552.90632480534
2025-09-05,51766.47029268854
2025-09-06,51826.127651160044
2025-09-07,51796.142700627424
2025-09-08,51700.751179555744
2025-09-09,51918.79587538173
2025-09-10,51771.36392590781
2025-09-11,51752.05466833265
2025-09-12,51869.43530429622
2025-09-13,51888.69099001452
2025-09-14,51629.50633479299
2025-09-15,51757.34884519244
2025-09-16,52041.14607572183
2025-09-17,52030.507537462356
2025-09-18,52030.35512069895
2025-09-19,52127.36222624174
2025-09-20,52499.00807362171
2025-09-21,52773.60664792224
2025-09-22,52839.19944627611
2025-09-23,53336.97806264041
2025-09-24,53278.06207130411
2025-09-25,53493.32851058796
2025-09-26,53473.671250121086
2025-09-27,53351.14024901558
2025-09-28,53013.98450624372
2025-09-29,53000.13767434474
2025-09-30,52331.814210549266
